pepA	azuC	crp	melR	prpR	rhaS	mtlR	zraR	fucR	ascG	lsrD	tnaA	mtlA	fucI	hofB	trxA	yhfA	malY	kbaZ	malK	cyaR	dadX	prpE	mtlD	agp	lsrC	araA	rhaD	entD	xseA	ykgR	glgA	hofC	fiu	modA	cirA	htpG	dksA	modC	gdhA	sfsA	zraP	dsdA	zraS	fbaA	agaV	fucA	glgS	fucU	glpE
0.9710773	0.1735024	1.0572504	1.1104097	0.5443928	0.6730973	0.8015119	0.8697282	0.7134882	1.0137252	0.4803377	1.0226179	0.6424724	1.0993922	0.9830808	0.3619054	0.8847442	0.0740292	0.9411435	0.9825518	0.6715997	1.0168361	1.0716279	0.4679400	0.8373463	0.6306195	0.9862058	0.9870787	0.9759539	0.3228406	0.9385096	0.9434814	0.9784700	0.4358914	0.5520987	0.9848026	0.4270251	0.9592551	1.0100482	0.2467547	0.5912012	0.9948855	1.0533317	1.0387576	0.8423697	0.9213703	0.9546376	0.6962716	0.7225307	1.0262328
