lexA	argW	fis	mtlR	glcC	xylR	marR	hupA	marA	putA	valT	recN	leuT	ksgA	murG
1.0743657	0.6322943	1.0629675	0.5092800	0.3406551	0.3808022	1.0027957	0.5626144	0.5686985	0.5982397	0.9726883	0.2240483	0.5811166	0.6226291	0.0561402
