lexA	argW	fis	mtlR	glcC	xylR	marR	hupA	marA	putA	valT	recN	leuT	ksgA	murG
0.8057174	0.5147998	0.9267080	0.3768352	0.2290814	0.2700447	0.9248620	0.6087892	0.4186474	0.4535217	0.8101547	0.1587231	0.3895229	0.5504184	0.0397776
