lexA	argW	fis	mtlR	glcC	xylR	marR	hupA	marA	putA	valT	recN	leuT	ksgA	murG
1.0000000	0.6643055	1.0000000	0.4750508	0.3031065	0.3829464	0.9985736	0.5919734	0.5566164	0.5100030	0.9823896	0.1978034	0.5543075	0.6215724	0.0563315
