lexA	argW	fis	mtlR	glcC	xylR	marR	hupA	marA	putA	valT	recN	leuT	ksgA	murG
1.0000000	0.6643060	1.0000000	0.4750503	0.3031044	0.3829455	0.9985731	0.5919734	0.5565872	0.5098205	0.9823923	0.1977991	0.5543084	0.6215728	0.0563315
