lexA	argW	fis	mtlR	glcC	xylR	marR	hupA	marA	putA	valT	recN	leuT	ksgA	murG
1.0024362	0.6557851	1.0348728	0.5089008	0.2663396	0.3653487	0.9430635	0.6685000	0.6087474	0.5437637	1.0107100	0.2248389	0.5714668	0.6750865	0.0756528
