lexA	argW	fis	mtlR	glcC	xylR	marR	hupA	marA	putA	valT	recN	leuT	ksgA	murG
0.8206988	0.4935029	0.8710636	0.3807242	0.1913304	0.3131878	0.7341916	0.5880695	0.4903021	0.4325789	0.7652327	0.1488166	0.4132573	0.5060296	0.0451427
