kdpE	puuD	arcA	icd	kdpB	kdpA	fadE	ybdN	hybG	tpx
1.0000000	0.0095675	1.0000000	0.4628154	0.7395992	1.0000000	0.1025239	0.9161442	0.3886994	0.1281270
