kdpE	puuD	arcA	icd	kdpB	kdpA	fadE	ybdN	hybG	tpx
0.9903285	0.0112851	0.9588248	0.4611497	0.8120103	1.0324887	0.1481595	1.0974427	0.3616272	0.1411180
