kdpE	puuD	arcA	icd	kdpB	kdpA	fadE	ybdN	hybG	tpx
0.7625370	0.0171057	0.8336120	0.4041467	0.5342928	0.7696173	0.1239902	0.8857496	0.3727689	0.1909982
