kdpE	puuD	arcA	icd	kdpB	kdpA	fadE	ybdN	hybG	tpx
0.8175682	0.0031035	0.6040119	0.4219612	0.7833639	0.7839661	0.1619019	0.9469677	0.2603227	0.0982466
