kdpE	puuD	arcA	icd	kdpB	kdpA	fadE	ybdN	hybG	tpx
1.0111670	0.0142727	1.0355770	0.4855840	0.7094293	0.9490852	0.1563593	1.0383229	0.3922082	0.1708117
