kdpE	puuD	arcA	icd	kdpB	kdpA	fadE	ybdN	hybG	tpx
1.0000000	0.0095774	1.0000000	0.4628667	0.7395931	0.9999978	0.1025333	0.9161442	0.3887000	0.1281318
