glrR	flxA	fis	mtlR	glcC	proL	pdxA	alaX	gltX	cspI	valX	pheV	leuV	tufB	argX
1.0000000	0.9979871	1.0000000	0.1745254	0.1084639	0.9240254	0.9999501	0.5347373	0.4008086	0.3866429	0.6541620	0.9507673	0.8456379	0.9835889	0.9110851
