glrR	flxA	fis	mtlR	glcC	proL	pdxA	alaX	gltX	cspI	valX	pheV	leuV	tufB	argX
0.9890767	1.0449698	1.0485269	0.1785528	0.1691909	0.8925043	0.9630906	0.5668235	0.4060532	0.3696819	0.6299434	0.9656039	0.9374744	1.0063575	0.9278072
