glrR	flxA	fis	mtlR	glcC	proL	pdxA	alaX	gltX	cspI	valX	pheV	leuV	tufB	argX
0.7784501	0.7114008	0.7124877	0.1482702	0.1705230	0.5912221	0.7284832	0.4944515	0.3212035	0.2533982	0.4703732	0.7632008	0.6630450	0.7172920	0.5846239
