glrR	flxA	fis	mtlR	glcC	proL	pdxA	alaX	gltX	cspI	valX	pheV	leuV	tufB	argX
1.0000000	0.9979909	1.0000000	0.1745245	0.1084420	0.9240573	0.9999870	0.5347375	0.4007973	0.3866182	0.6541631	0.9507682	0.8457796	0.9835917	0.9110855
