glrR	flxA	fis	mtlR	glcC	proL	pdxA	alaX	gltX	cspI	valX	pheV	leuV	tufB	argX
0.9031315	0.8925975	0.6724884	0.1583555	0.1420497	0.7274608	0.8514411	0.4717566	0.2523073	0.3543151	0.4252119	0.7900803	0.5888998	0.7474852	0.7444458
