glrR	flxA	fis	mtlR	glcC	proL	pdxA	alaX	gltX	cspI	valX	pheV	leuV	tufB	argX
1.0433454	1.0872663	0.9739973	0.1891657	0.1613357	0.9248571	0.9481734	0.5948443	0.4035688	0.3899256	0.6138423	0.9928924	0.8709949	0.9651138	0.9535755
