pspF	rstB	phoP	treR	rstA	mgtA	slyB	pagP	borD	ybjG	purH	phoQ	metB	hemL	pspE	treB	mgrB	argD	pspB	pspD	metL	purD	pspG	pspC	asr	yrbL	pspA	nagA	treC	dcuD	rutB	ygiA	malS	tolC	rutC	rutD	rutA	rutG	rutF	rutE	ygiC	fadL	ygiB	narJ	narI	narG	narH	csgE	csgF	acrB
1.0305074	0.5221671	1.0287943	0.2626748	1.0023228	0.5653669	0.9157934	0.6835681	1.0828068	0.9719898	1.0397658	0.9796291	0.7028304	1.0751367	0.8229078	0.6592004	1.0592838	0.1649363	0.9097051	0.9337101	1.0285034	0.5216207	0.9343222	0.8324760	0.6915760	0.9164085	1.0156838	0.5663392	1.0268001	0.1173496	0.5539421	1.0875222	0.9329489	0.8208545	0.8420245	0.7288022	0.9792022	0.5783558	0.9988291	0.5596003	0.8296211	0.9957270	0.9551298	1.0122309	0.5658133	0.9896438	0.6507709	0.4575556	0.6067527	0.3282073
